<?xml version="1.0" encoding="UTF-8" ?>  
<!DOCTYPE mapper PUBLIC "-//ibatis.apache.org//DTD Mapper 3.0//EN"      
	"http://ibatis.apache.org/dtd/ibatis-3-mapper.dtd">

<mapper namespace="cn.wonders.library.mapper.BookMapper">

	<!--新增图书-->
	<!--Book insert(Book book)-->
	<insert id="insert"
			parameterType="cn.wonders.library.entity.Book"
			useGeneratedKeys="true"
			keyProperty="number">
		INSERT INTO book (
			number,
		    bookName,
		    author,
		    type,
		    price,
		    images,
		    amount
		) VALUES (
			#{number},
			#{bookName},
			#{author},
			#{type},
			#{price},
			#{images},
		    #{amount}
		)
	</insert>

	<!--删除图书-->
	<!--void delete(String number)-->
	<delete id="delete">
		DELETE FROM
			book
		WHERE
			number=#{number}

	</delete>

	<!--通过图书类别获取图书列表-->
	<!--List<Book> getListByType(
            @Param("type") Integer type,
            @Param("offset") Integer offset,
            @Param("count") Integer count)-->
	<select id="getListByType" resultType="cn.wonders.library.entity.Book">
		SELECT
			number,
			bookName,
			author,
			type,
			price,
			images,
			amount
		FROM
			book
		WHERE
			type=#{type}
		ORDER BY
			number ASC
		LIMIT
			#{offset},#{count}
	</select>

	<!--根据类别查询图书的数量-->
	<!--Integer getCountByType(Integer type)-->
	<select id="getCountByType" resultType="java.lang.Integer">
		SELECT
			COUNT(number)
		FROM
			book
		WHERE
			type=#{type}
	</select>

	<!--通过图书编号查找图书-->
	<!-- Book getBookByNumber(String number)-->
	<select id="getBookByNumber" resultType="cn.wonders.library.entity.Book">
		SELECT
			number,
			bookName,
			author,
			type,
			price,
			images,
			amount
		FROM
			book
		WHERE
			number=#{number}
	</select>

	<!--通过书名查找图书-->
	<!--List<Book> getBookByBookName(
            @Param("bookName") String bookName,
            @Param("offset") Integer offset,
            @Param("count") Integer count)-->
	<select id="getBookByBookName" resultType="cn.wonders.library.entity.Book">
		SELECT
			number,
			bookName,
			author,
			type,
			price,
			images,
			amount
		FROM
			book
		WHERE
			bookName LIKE CONCAT('%',#{bookName},'%')
		ORDER BY
			number ASC
		LIMIT
			#{offset},#{count}
	</select>

	<!--获取模糊查询到的书籍的数量-->
	<!--Integer getCountByBookName(String bookName)-->
	<select id="getCountByBookName" resultType="java.lang.Integer">
		SELECT
			COUNT(number)
		FROM
			book
		WHERE
			bookName LIKE CONCAT('%',#{bookName},'%')
	</select>

	<!--修改图书数量-->
	<!-- Integer changeBookAmount(
            @Param("number") String number,
            @Param("amount") Integer Amount)-->
	<update id="changeBookAmount">
		UPDATE
			book
		SET
			amount=#{amount}
		WHERE
			number=#{number}
	</update>



</mapper>








