<?xml version="1.0" encoding="UTF-8" ?>  
<!DOCTYPE mapper PUBLIC "-//ibatis.apache.org//DTD Mapper 3.0//EN"      
	"http://ibatis.apache.org/dtd/ibatis-3-mapper.dtd">

<mapper namespace="cn.wonders.library.mapper.BorrowMapper">
	
	<!--新增借阅的书籍-->
	<!--Integer insert(Borrow borrow)-->
	<insert id="insert"
			parameterType="cn.wonders.library.entity.Borrow"
			useGeneratedKeys="true"
			keyProperty="id">
		INSERT INTO borrow (
			uid,
			bid,
			lentDate,
			returnDate,
		    status
		) VALUES (
			#{uid},
			#{bid},
			#{lentDate},
			#{returnDate},
		    #{status}
		)
	</insert>

	<!--获取uid用户正在借阅的bid书籍的数量-->
	<!--Integer getCountByUidAndBid(
            @Param("uid") Integer uid,
            @Param("bid") Integer bid-->
	<select id="getCountByUidAndBid" resultType="java.lang.Integer">
		SELECT
			COUNT(id)
		FROM
			borrow
		WHERE
			uid=#{uid} AND bid=#{bid} AND status=1
	</select>

	<!--根据用户uid查询已借阅过的书籍列表-->
	<!--List<BorrowVO> getBorrowByUid(
            @Param("uid") Integer uid,
            @Param("offset") Integer offset,
            @Param("count") Integer count)-->
	<resultMap type="cn.wonders.library.vo.BorrowVO" id="BorrowVOMap">
		<id column="id" property="id" />
		<result column="bid" property="bid" />
		<result column="bookName" property="bookName" />
		<result column="author" property="author"/>
		<result column="price" property="price"/>
		<result column="images" property="images"/>
		<result column="lentDate" property="lentDate"/>
		<result column="actuDate" property="actuDate"/>
	</resultMap>
	<select id="getBorrowByUid" resultMap="BorrowVOMap">
		SELECT
			bo.id,
			bo.bid,
			b.bookName,
			b.author,
			b.price,
			b.images,
			bo.lentDate,
			bo.actuDate
		FROM
			borrow AS bo
		JOIN
			book AS b
		ON
			bo.bid=b.number
		WHERE
			uid=#{uid} AND status=0
		ORDER BY
			id DESC
		LIMIT
			#{offset},#{count}
	</select>

	<!--获取用户借阅已归还的书籍的数量-->
	<!--Integer getCountBorrowed(Integer uid)-->
	<select id="getCountBorrowed" resultType="java.lang.Integer">
		SELECT
			COUNT(id)
		FROM
			borrow
		WHERE
			uid=#{uid} AND status=0
	</select>

	<!--根据用户id查询正在借阅的书籍列表-->
	<!--List<BorrowingVO> getBorrowingByUid(
            @Param("uid") Integer uid,
            @Param("offset") Integer offset,
            @Param("count") Integer count)-->
	<resultMap type="cn.wonders.library.vo.BorrowingVO" id="BorrowingVOMap">
		<id column="id" property="id" />
		<result column="bid" property="bid" />
		<result column="bookName" property="bookName" />
		<result column="author" property="author"/>
		<result column="price" property="price"/>
		<result column="images" property="images"/>
		<result column="lentDate" property="lentDate"/>
		<result column="returnDate" property="returnDate"/>
	</resultMap>
	<select id="getBorrowingByUid" resultMap="BorrowingVOMap">
		SELECT
			bo.id,
			bo.bid,
			b.bookName,
			b.author,
			b.price,
			b.images,
			bo.lentDate,
			bo.returnDate
		FROM
			borrow AS bo
		JOIN
			book AS b
		ON
			bo.bid=b.number
		WHERE
			uid=#{uid} AND status=1
		ORDER BY
			id DESC
		LIMIT
			#{offset},#{count}
	</select>

	<!--获取uid用户已借阅未归还的书籍的数量-->
	<!--Integer getCountByUid(Integer uid)-->
	<select id="getCountByUid" resultType="java.lang.Integer">
		SELECT
			COUNT(id)
		FROM
			borrow
		WHERE
			uid=#{uid} AND status=1
	</select>

	<!--获取需要到期提醒的列表-->
	<!--List<WarnVO> getWarnList()-->
	<resultMap type="cn.wonders.library.vo.WarnVO" id="WarnVOMap">
		<id column="id" property="id"/>
		<result column="name" property="name" />
		<result column="email" property="email" />
		<result column="bookName" property="bookName" />
		<result column="returnDate" property="returnDate" />
	</resultMap>
	<select id="getWarnList" resultMap="WarnVOMap">
		SELECT
			bo.id,
		    u.name,
		    u.email,
		    b.bookName,
		    bo.returnDate
		FROM
			user AS u
		JOIN
			borrow AS bo
		ON
			bo.uid=u.id
		JOIN
		    book AS b
		ON
		    b.number=bo.bid
		WHERE
			bo.returnDate-curDate()&lt;=7 and status=1;
	</select>

	<!--自动查询逾期用户的email-->
	<resultMap type="cn.wonders.library.vo.EmailVO" id="emailMap">
		<result column="name" property="name" />
		<result column="email" property="email" />
		<result column="bookName" property="bookName" />
		<result column="returnDate" property="returnDate" />
	</resultMap>
	<select id="getEmail" resultMap="emailMap">
		select u.name,
			   u.email,
			   b.bookName,
			   returnDate
		from borrow bo join user u on bo.uid=u.id join book b on bo.bid=b.number
		where
			returnDate-curDate()&lt;=7 and status=1;
	</select>

	<!--根据账号查询用户正在借阅的书籍-->
	<!--List<ReturnVO> getBorrowingListByAccount(String account)-->
	<resultMap type="cn.wonders.library.vo.ReturnVO" id="ReturnVOMap">
		<result column="uid" property="uid" />
		<result column="bid" property="bid" />
		<result column="account" property="account"/>
		<result column="bookName" property="bookName"/>
		<result column="price" property="price"/>
		<result column="lentDate" property="lentDate"/>
		<result column="returnDate" property="returnDate"/>
	</resultMap>
	<select id="getBorrowingListByAccount" resultMap="ReturnVOMap">
		SELECT
		    bo.uid,
		    bo.bid,
			u.account,
		    b.bookName,
		    b.price,
		    bo.lentDate,
		    bo.returnDate
		FROM
			user u
		JOIN
			borrow bo
		ON
			u.id=bo.uid
		JOIN
			book b
		ON
			bo.bid=b.number
		WHERE
			account=#{account} AND status=1
	</select>

	<!--根据uid和bid查询到借阅记录，修改状态为0,增加实际还书时间-->
	<!--Integer updateStatusAndActuDate(
            @Param("uid") Integer uid,
            @Param("bid") Integer bid)-->
	<update id="updateStatusAndActuDate">
		UPDATE
			borrow
		SET
			status=0,
		    actuDate=now()
		WHERE
			uid=#{uid} AND bid=#{bid} AND status=1;
	</update>

</mapper>








