<?xml version="1.0" encoding="UTF-8" ?>  
<!DOCTYPE mapper PUBLIC "-//ibatis.apache.org//DTD Mapper 3.0//EN"      
	"http://ibatis.apache.org/dtd/ibatis-3-mapper.dtd">

<mapper namespace="cn.wonders.library.mapper.UserMapper">

	<!--新增用户-->
	<!--Integer insert(User user)-->
	<insert id="insert"
			parameterType="cn.wonders.library.entity.User"
			useGeneratedKeys="true"
			keyProperty="id">
		INSERT INTO user(
			account,
		    password,
			name,
			gender,
			phone,
			email,
		    avatar,
		    borrow,
		    isManager,
		    salt
		)VALUES(
			#{account},
			#{password},
			#{name},
			#{gender},
			#{phone},
		    #{email},
		    #{avatar},
			#{borrow},
			#{isManager},
		    #{salt}
		 )
	</insert>

	<!--根据账号查询用户信息-->
	<!--User getUserByAccount(String account)-->
	<select id="getUserByAccount" resultType="cn.wonders.library.entity.User">
		SELECT
		    id,
			account,
			password,
			name,
			gender,
			phone,
			email,
			avatar,
			borrow,
			isManager,
			salt
		FROM
			user
		WHERE
			account=#{account}
	</select>

	<!--根据用户id查询用户数据-->
	<!--User getUserById(Integer uid)-->
	<select id="getUserById" resultType="cn.wonders.library.entity.User">
		SELECT
		    id,
			account,
			password,
			name,
			gender,
			phone,
			email,
			avatar,
			borrow,
			isManager,
			salt
		FROM
			user
		WHERE
			id=#{uid}
	</select>

	<!--修改密码-->
	<!--Integer changePassword(
            @Param("uid") Integer uid,
            @Param("password") String password)-->
	<update id="changePassword">
		UPDATE
			user
		SET
			password=#{password}
		WHERE
			id=#{uid}
	</update>

	<!-- 修改个人信息，包括：姓名、性别、头像、电话、邮箱 -->
	<!-- Integer changeInfo(User user) -->
	<update id="changeInfo">
		UPDATE
			user
		SET
			<if test="name != null">
				name=#{name},
			</if>

			<if test="gender != null">
				gender=#{gender},
			</if>

			<if test="avatar != null">
				avatar=#{avatar},
			</if>

			<if test="phone != null">
				phone=#{phone},
			</if>

			<if test="email != null">
				email=#{email},
			</if>

			isManager=#{isManager}
		WHERE
			id=#{id}
	</update>

	<!--增加用户的借阅数量-->
	<!--Integer addBorrowCount(Integer uid)-->
	<update id="addBorrowCount">
		UPDATE
			user
		SET
			borrow=borrow+1
		WHERE
			id=#{uid}
	</update>

	<!--减少用户的借阅数量-->
	<!--Integer reduceBorrowCount(Integer uid)-->
	<update id="reduceBorrowCount">
		UPDATE
			user
		SET
			borrow=borrow-1
		WHERE
			id=#{uid}
	</update>

	<!--获取用户信息列表-->
	<!--List<User> getUserList()-->
	<select id="getUserList" resultType="cn.wonders.library.entity.User">
		SELECT
		    id,
			account,
			name,
			gender,
			phone,
			email,
			avatar,
		    borrow
		FROM
			user
		WHERE
			isManager=1;
	</select>

</mapper>








